City_ID,City,Country,Date,Lat,Lng,Max Temp,Humidity,Cloudiness,Wind Speed
0,Atuona,PF,2022-07-25 18:09:57,-9.8,-139.0333,77.67,64,99,12.44
1,Esperance,AU,2022-07-25 18:06:58,-33.8667,121.9,51.66,62,0,16.13
2,Vaini,TO,2022-07-25 18:09:58,-21.2,-175.2,71.76,88,20,5.75
3,Klaksvik,FO,2022-07-25 18:09:59,62.2266,-6.589,49.12,83,36,17.27
4,Shu,KZ,2022-07-25 18:09:59,43.5983,73.7614,83.75,20,0,10.36
5,Butaritari,KI,2022-07-25 18:09:59,3.0707,172.7902,82.08,71,97,20.4
6,Buala,SB,2022-07-25 18:10:00,-8.145,159.5921,79.45,84,48,8.48
7,Albany,US,2022-07-25 18:06:13,42.6001,-73.9662,85.57,71,99,5.01
8,Mar Del Plata,AR,2022-07-25 18:10:01,-38.0023,-57.5575,55.09,92,100,14.97
9,Port Alfred,ZA,2022-07-25 18:10:01,-33.5906,26.891,52.18,84,0,13.94
10,Hermanus,ZA,2022-07-25 18:10:02,-34.4187,19.2345,53.8,66,0,9.31
11,Ubatuba,BR,2022-07-25 18:10:02,-23.4339,-45.0711,75.99,59,16,4.0
12,Mataura,NZ,2022-07-25 18:10:03,-46.1927,168.8643,44.47,94,100,11.07
13,Ust-Maya,RU,2022-07-25 18:10:03,60.4167,134.5333,52.7,80,64,3.85
14,Jamestown,US,2022-07-25 18:05:12,42.097,-79.2353,77.05,56,40,14.97
15,Provideniya,RU,2022-07-25 18:10:04,64.3833,-173.3,41.27,90,100,9.06
16,Mehamn,NO,2022-07-25 18:10:05,71.0357,27.8492,55.35,76,0,5.75
17,Kloulklubed,PW,2022-07-25 18:10:05,7.0419,134.2556,77.5,74,91,7.74
18,New Norfolk,AU,2022-07-25 18:10:06,-42.7826,147.0587,53.1,88,100,1.5
19,Lazarev,RU,2022-07-25 18:10:07,52.225,141.5131,57.6,95,100,5.79
20,Saint George,US,2022-07-25 18:06:48,37.1041,-113.5841,93.25,36,0,13.8
21,Fushan,CN,2022-07-25 18:10:07,37.4958,121.2581,72.09,84,0,4.76
22,Rikitea,PF,2022-07-25 18:06:23,-23.1203,-134.9692,75.25,70,19,19.01
23,Changji,CN,2022-07-25 18:10:08,44.0167,87.3167,83.19,32,0,6.71
24,Hofn,IS,2022-07-25 18:10:09,64.2539,-15.2082,49.66,90,58,3.49
25,Carnarvon,AU,2022-07-25 18:10:09,-24.8667,113.6333,62.49,38,0,9.17
26,Husavik,IS,2022-07-25 18:10:10,66.0449,-17.3389,49.17,79,80,6.33
27,Port Hardy,CA,2022-07-25 18:08:16,50.6996,-127.4199,61.11,89,98,7.85
28,Portland,US,2022-07-25 18:09:44,45.5234,-122.6762,86.99,52,20,8.05
29,Cidreira,BR,2022-07-25 18:10:11,-30.1811,-50.2056,65.46,84,19,7.52
30,Tiksi,RU,2022-07-25 18:10:11,71.6872,128.8694,46.45,92,98,3.33
31,Port Elizabeth,ZA,2022-07-25 18:10:12,-33.918,25.5701,58.32,75,0,7.0
32,Kaitangata,NZ,2022-07-25 18:10:12,-46.2817,169.8464,45.77,93,100,16.67
33,Hobart,AU,2022-07-25 18:10:13,-42.8794,147.3294,53.46,93,75,0.0
34,North Bend,US,2022-07-25 18:10:13,43.4065,-124.2243,66.16,77,0,8.05
35,Busselton,AU,2022-07-25 18:10:14,-33.65,115.3333,62.35,73,45,21.97
36,Lewistown,US,2022-07-25 18:10:14,40.5992,-77.5714,88.61,83,20,8.05
37,Port Blair,IN,2022-07-25 18:10:15,11.6667,92.75,81.59,83,88,6.89
38,Hilo,US,2022-07-25 18:07:54,19.7297,-155.09,79.11,73,40,3.44
39,Nata,PA,2022-07-25 18:10:15,8.3333,-80.5167,84.07,67,92,6.78
40,Tahoua,NE,2022-07-25 18:10:16,14.8888,5.2692,100.78,24,78,9.64
41,Nuuk,GL,2022-07-25 18:10:16,64.1835,-51.7216,52.41,66,20,6.91
42,Barrow,US,2022-07-25 18:06:24,71.2906,-156.7887,37.42,93,100,25.32
43,Usvyaty,RU,2022-07-25 18:10:17,55.7456,30.7533,61.18,96,85,4.23
44,Anadyr,RU,2022-07-25 18:10:17,64.75,177.4833,45.1,87,0,0.0
45,Ushuaia,AR,2022-07-25 18:10:18,-54.8,-68.3,35.26,75,75,14.97
46,Saint-Pierre,RE,2022-07-25 18:11:18,-21.3393,55.4781,66.9,72,0,5.75
47,Goure,NE,2022-07-25 18:11:19,13.9835,10.2704,96.03,22,96,4.52
48,Puerto Ayora,EC,2022-07-25 18:11:13,-0.7393,-90.3518,78.76,90,92,8.99
49,Adrar,MR,2022-07-25 18:07:50,20.5022,-10.0711,102.54,19,94,20.96
50,Pangnirtung,CA,2022-07-25 18:06:54,66.1451,-65.7125,51.55,68,68,5.19
51,Dikson,RU,2022-07-25 18:11:20,73.5069,80.5464,43.86,100,100,20.09
52,Roma,US,2022-07-25 18:10:04,43.2128,-75.4557,79.95,61,75,19.57
53,Saint Anthony,US,2022-07-25 18:11:21,45.0205,-93.218,78.12,43,0,8.05
54,Cape Town,ZA,2022-07-25 18:06:38,-33.9258,18.4232,63.37,60,0,5.01
55,Hutang,CN,2022-07-25 18:11:22,31.5333,119.4833,80.28,87,72,3.42
56,Port Lincoln,AU,2022-07-25 18:11:22,-34.7333,135.8667,52.02,69,19,11.16
57,Georgetown,MY,2022-07-25 18:10:44,5.4112,100.3354,80.53,90,40,4.61
58,Pafos,CY,2022-07-25 18:11:23,34.7667,32.4167,82.18,69,0,0.0
59,Qasigiannguit,GL,2022-07-25 18:11:24,68.8193,-51.1922,44.85,87,100,4.05
60,Bethel,US,2022-07-25 18:11:24,41.3712,-73.414,80.69,74,40,6.91
61,Bilma,NE,2022-07-25 18:11:24,18.6853,12.9164,98.83,11,10,10.47
62,Ostrovnoy,RU,2022-07-25 18:06:57,68.0531,39.5131,52.68,78,80,1.77
63,Leningradskiy,RU,2022-07-25 18:11:25,69.3833,178.4167,32.38,95,100,5.7
64,Longyearbyen,SJ,2022-07-25 18:07:35,78.2186,15.6401,48.04,81,75,17.27
65,Kulhudhuffushi,MV,2022-07-25 18:11:26,6.6221,73.07,81.93,79,79,14.34
66,Pisco,PE,2022-07-25 18:11:26,-13.7,-76.2167,62.65,82,100,8.05
67,Henties Bay,NA,2022-07-25 18:11:27,-22.116,14.2845,55.15,94,24,2.28
68,Oranjemund,NA,2022-07-25 18:07:43,-28.55,16.4333,59.07,72,2,6.87
69,Yar-Sale,RU,2022-07-25 18:11:28,66.8333,70.8333,50.11,75,59,15.64
70,Flin Flon,CA,2022-07-25 18:11:28,54.7682,-101.865,72.07,43,99,8.75
71,Codrington,AU,2022-07-25 18:11:28,-38.2667,141.9667,48.99,78,88,22.03
72,Anderson,US,2022-07-25 18:11:06,34.5334,-82.6499,94.95,55,40,16.11
73,Hithadhoo,MV,2022-07-25 18:11:29,-0.6,73.0833,82.71,72,59,9.69
74,Bambous Virieux,MU,2022-07-25 18:06:43,-20.3428,57.7575,68.25,88,40,10.36
75,Yellowknife,CA,2022-07-25 18:11:30,62.456,-114.3525,65.55,48,47,16.89
76,Manokwari,ID,2022-07-25 18:11:30,-0.8667,134.0833,77.32,82,49,2.26
77,Cabo San Lucas,MX,2022-07-25 18:09:30,22.8909,-109.9124,91.62,63,20,11.5
78,Sao Filipe,CV,2022-07-25 18:11:31,14.8961,-24.4956,79.11,84,99,6.04
79,Springbok,ZA,2022-07-25 18:11:32,-29.6643,17.8865,56.14,24,0,7.34
80,Matagami,CA,2022-07-25 18:11:32,49.7502,-77.6328,57.31,88,100,12.66
81,Nouadhibou,MR,2022-07-25 18:11:33,20.931,-17.0347,68.94,92,7,21.0
82,Ivanava,BY,2022-07-25 18:11:33,52.1451,25.5365,65.25,69,16,4.92
83,Muros,ES,2022-07-25 18:11:34,42.7762,-9.0603,79.68,56,18,13.24
84,Inongo,CD,2022-07-25 18:11:34,-1.95,18.2667,71.17,90,92,4.0
85,Harlingen,US,2022-07-25 18:11:35,26.1906,-97.6961,96.76,31,0,17.27
86,Nanortalik,GL,2022-07-25 18:10:09,60.1432,-45.2371,42.39,96,100,5.5
87,Khomutovka,RU,2022-07-25 18:11:35,51.9207,34.5619,60.98,93,47,7.38
88,Punta Arenas,CL,2022-07-25 18:10:40,-53.15,-70.9167,41.11,52,0,14.97
89,Dingle,PH,2022-07-25 18:11:36,10.9995,122.6711,75.99,92,98,2.71
90,Qaanaaq,GL,2022-07-25 18:12:37,77.484,-69.3632,42.69,73,1,0.49
91,Buraydah,SA,2022-07-25 18:12:37,26.326,43.975,96.28,12,26,14.18
92,Arraial Do Cabo,BR,2022-07-25 18:12:37,-22.9661,-42.0278,75.06,78,0,19.57
93,Tarrafal,CV,2022-07-25 18:12:38,15.2833,-23.7667,83.19,84,94,5.99
94,Castro,BR,2022-07-25 18:12:39,-24.7911,-50.0119,74.57,41,82,3.58
95,Olafsvik,IS,2022-07-25 18:08:20,64.8945,-23.7142,52.99,67,96,5.44
96,Galle,LK,2022-07-25 18:12:39,6.0367,80.217,79.0,88,99,11.68
97,Pevek,RU,2022-07-25 18:11:50,69.7008,170.3133,35.1,84,90,6.29
98,Sorland,NO,2022-07-25 18:11:13,67.667,12.6934,55.26,89,96,14.05
99,Kavaratti,IN,2022-07-25 18:12:40,10.5669,72.642,81.43,80,12,16.4
100,Zhangye,CN,2022-07-25 18:12:41,38.9342,100.4517,74.66,35,93,13.0
101,Bluff,NZ,2022-07-25 18:12:41,-46.6,168.3333,44.8,86,100,25.48
102,Chuy,UY,2022-07-25 18:12:42,-33.6971,-53.4616,61.99,90,100,8.52
103,Westerville,US,2022-07-25 18:09:12,40.1262,-82.9291,82.98,57,40,10.36
104,Kendari,ID,2022-07-25 18:12:42,-3.945,122.4989,73.35,93,42,2.91
105,Alofi,NU,2022-07-25 18:12:43,-19.0595,-169.9187,69.69,68,40,8.05
106,Tabas,IR,2022-07-25 18:12:43,33.5959,56.9244,102.16,12,0,12.84
107,Uren,RU,2022-07-25 18:12:44,57.4552,45.7852,65.37,89,47,3.13
108,Kapaa,US,2022-07-25 18:12:44,22.0752,-159.319,80.92,69,20,12.66
109,Kangaatsiaq,GL,2022-07-25 18:12:45,68.3065,-53.4641,39.94,97,100,9.42
110,Chokurdakh,RU,2022-07-25 18:11:45,70.6333,147.9167,47.39,63,90,11.23
111,Vestmannaeyjar,IS,2022-07-25 18:08:36,63.4427,-20.2734,52.79,82,20,9.22
112,Saldanha,ZA,2022-07-25 18:12:46,-33.0117,17.9442,57.79,66,0,10.56
113,Nikolskoye,RU,2022-07-25 18:12:46,59.7035,30.7861,67.91,91,65,3.78
114,Hasaki,JP,2022-07-25 18:12:47,35.7333,140.8333,79.29,94,57,14.54
115,Solhan,TR,2022-07-25 18:12:47,38.9634,41.0293,69.15,34,2,1.25
116,Te Anau,NZ,2022-07-25 18:08:11,-45.4167,167.7167,38.52,95,100,2.82
117,Upernavik,GL,2022-07-25 18:11:11,72.7868,-56.1549,40.24,89,90,11.3
118,Saskylakh,RU,2022-07-25 18:12:15,71.9167,114.0833,66.97,68,97,6.76
119,Khatanga,RU,2022-07-25 18:12:49,71.9667,102.5,65.26,72,100,3.04
120,Arman,RU,2022-07-25 18:12:49,59.7,150.1667,52.03,88,20,2.8
121,Bougouni,ML,2022-07-25 18:12:49,11.417,-7.479,80.67,77,88,4.72
122,Bowen,AU,2022-07-25 18:12:50,-20.0167,148.2333,62.2,87,53,7.99
123,Zhigansk,RU,2022-07-25 18:12:12,66.7697,123.3711,57.09,75,6,0.65
124,Nelson Bay,AU,2022-07-25 18:12:51,-32.7167,152.15,52.09,98,6,3.0
125,Kikerino,RU,2022-07-25 18:12:51,59.4667,29.6333,62.15,80,69,4.12
126,Richards Bay,ZA,2022-07-25 18:12:52,-28.783,32.0377,59.72,70,16,6.73
127,Dudinka,RU,2022-07-25 18:12:52,69.4058,86.1778,56.62,80,97,13.71
128,Humaita,BR,2022-07-25 18:12:53,-7.5061,-63.0208,99.43,21,6,4.5
129,Antalaha,MG,2022-07-25 18:12:54,-14.9003,50.2788,68.65,83,62,7.4
130,Eureka,US,2022-07-25 18:08:32,40.8021,-124.1637,80.67,76,22,4.0
131,Bayanday,RU,2022-07-25 18:12:54,53.0661,105.5139,55.29,99,100,4.68
132,Airai,TL,2022-07-25 18:11:06,-8.9266,125.4092,54.1,81,12,3.02
133,Markova,UA,2022-07-25 18:12:55,48.6758,24.4138,65.25,57,39,1.1
134,Kashan,IR,2022-07-25 18:13:56,33.9831,51.4364,92.25,26,0,11.86
135,Kodiak,US,2022-07-25 18:13:56,57.79,-152.4072,62.11,67,0,12.66
136,Lavrentiya,RU,2022-07-25 18:13:57,65.5833,-171.0,40.3,93,100,14.0
137,Mount Gambier,AU,2022-07-25 18:13:57,-37.8333,140.7667,46.31,87,40,17.27
138,Lichinga,MZ,2022-07-25 18:13:58,-13.3128,35.2406,57.96,71,73,4.94
139,Tra Vinh,VN,2022-07-25 18:13:40,9.9347,106.3453,78.4,88,83,4.52
140,Lasa,IT,2022-07-25 18:13:59,46.6166,10.7002,80.69,83,54,3.09
141,Comodoro Rivadavia,AR,2022-07-25 18:12:24,-45.8667,-67.5,42.66,81,40,4.61
142,Socorro,US,2022-07-25 18:13:59,31.6546,-106.3033,90.61,38,40,12.66
143,Santa Cruz,BO,2022-07-25 18:10:58,-17.8,-63.1667,87.85,55,40,18.41
144,Nabire,ID,2022-07-25 18:14:00,-3.3667,135.4833,75.22,93,100,3.47
145,Batticaloa,LK,2022-07-25 18:14:01,7.7102,81.6924,80.49,81,98,6.55
146,Vikhorevka,RU,2022-07-25 18:14:01,56.1201,101.1636,62.19,96,100,9.62
147,Sunrise Manor,US,2022-07-25 18:14:02,36.2111,-115.0731,96.39,36,20,9.22
148,Aldergrove,CA,2022-07-25 18:14:02,49.058,-122.4709,81.23,62,0,2.3
149,Tuktoyaktuk,CA,2022-07-25 18:14:03,69.4541,-133.0374,51.8,76,75,13.8
150,Puerto Escondido,MX,2022-07-25 18:14:04,15.85,-97.0667,86.83,66,40,5.75
151,La Palma,US,2022-07-25 18:14:04,33.8464,-118.0467,88.81,73,75,9.22
152,Laguna,US,2022-07-25 18:12:44,38.421,-121.4238,89.96,52,0,8.05
153,Harper,LR,2022-07-25 18:09:18,4.375,-7.7169,76.39,70,85,6.4
154,Malanje,AO,2022-07-25 18:14:06,-9.5402,16.341,74.26,24,19,4.03
155,Kununurra,AU,2022-07-25 18:09:59,-15.7667,128.7333,53.58,82,1,3.44
156,Chimbote,PE,2022-07-25 18:14:07,-9.0853,-78.5783,67.21,75,79,10.94
157,Inta,RU,2022-07-25 18:14:07,66.0317,60.1659,49.37,84,93,16.6
158,Luancheng,CN,2022-07-25 18:14:07,37.8792,114.6517,71.83,90,91,1.63
159,Cherskiy,RU,2022-07-25 18:14:08,68.75,161.3,44.42,59,5,8.01
160,Sibu,MY,2022-07-25 18:14:08,2.3,111.8167,73.62,99,100,1.59
161,Victoria,HK,2022-07-25 18:14:09,22.2855,114.1577,88.18,81,14,8.01
162,Mangrol,IN,2022-07-25 18:14:09,21.1167,70.1167,82.0,81,97,18.5
163,Pacific Grove,US,2022-07-25 18:14:10,36.6177,-121.9166,64.81,89,75,6.91
164,Mpika,ZM,2022-07-25 18:14:10,-11.8343,31.4529,58.33,58,39,5.35
165,Usinsk,RU,2022-07-25 18:14:11,65.9939,57.5281,49.96,81,97,19.24
166,Kahului,US,2022-07-25 18:10:46,20.8947,-156.47,80.62,70,0,14.97
167,Lorengau,PG,2022-07-25 18:14:12,-2.0226,147.2712,80.98,80,65,7.05
168,Khandbari,NP,2022-07-25 18:14:13,27.3747,87.2039,72.18,94,72,0.4
169,Havre-Saint-Pierre,CA,2022-07-25 18:14:13,50.2334,-63.5986,66.56,94,100,2.3
170,Lagunas,PE,2022-07-25 18:14:14,-5.2269,-75.6753,89.96,50,28,3.44
171,Tanete,ID,2022-07-25 18:14:15,-3.9443,119.7848,72.63,89,59,4.41
172,Ibotirama,BR,2022-07-25 18:11:10,-12.1853,-43.2206,89.76,21,73,6.26
173,Flinders,AU,2022-07-25 18:14:16,-34.5833,150.8552,54.37,90,88,4.0
174,Grindavik,IS,2022-07-25 18:14:16,63.8424,-22.4338,52.27,76,75,8.05
175,Acapulco,MX,2022-07-25 18:14:17,16.8634,-99.8901,89.42,45,75,2.3
176,Nizhniy Baskunchak,RU,2022-07-25 18:14:18,48.2198,46.8311,75.63,49,88,4.56
177,Sola,VU,2022-07-25 18:14:18,-13.8833,167.55,80.06,77,10,11.03
178,Quesnel,CA,2022-07-25 18:12:40,52.9999,-122.5029,72.1,60,100,2.3
179,Aden,YE,2022-07-25 18:15:19,12.7794,45.0367,85.19,70,100,12.21
180,East London,ZA,2022-07-25 18:12:11,-33.0153,27.9116,50.94,87,0,4.61
181,Anbu,CN,2022-07-25 18:15:19,23.449,116.6809,83.08,83,42,4.32
182,Westport,US,2022-07-25 18:15:20,41.1415,-73.3579,81.95,83,75,13.8
183,Sioux Lookout,CA,2022-07-25 18:15:21,50.1001,-91.917,69.87,46,40,12.66
184,Okhotsk,RU,2022-07-25 18:13:16,59.3833,143.3,54.07,89,92,3.83
185,Tezu,IN,2022-07-25 18:15:22,27.9167,96.1667,75.74,99,64,1.36
186,Kalmunai,LK,2022-07-25 18:15:23,7.4167,81.8167,80.53,80,97,5.08
187,Le Vauclin,MQ,2022-07-25 18:15:23,14.5452,-60.8388,84.85,89,75,10.36
188,Kendallville,US,2022-07-25 18:14:56,41.4414,-85.265,77.5,60,40,4.61
189,Chaman,PK,2022-07-25 18:15:24,30.9236,66.4512,83.84,49,87,7.05
190,Bilibino,RU,2022-07-25 18:15:24,68.0546,166.4372,43.2,71,71,4.92
191,Monte Patria,CL,2022-07-25 18:15:25,-30.6919,-70.9467,61.88,60,81,4.5
192,Iqaluit,CA,2022-07-25 18:15:26,63.7506,-68.5145,46.13,93,100,10.36
193,Yanam,IN,2022-07-25 18:15:26,16.7333,82.2167,78.85,90,100,3.22
194,Hovd,MN,2022-07-25 18:11:43,48.0056,91.6419,58.14,56,89,3.89
195,Salinas,US,2022-07-25 18:15:27,36.6777,-121.6555,65.01,69,75,6.91
196,Arlit,NE,2022-07-25 18:15:28,18.7369,7.3853,106.18,10,10,10.07
197,Rocha,UY,2022-07-25 18:15:27,-34.4833,-54.3333,64.72,88,100,9.71
198,San Blas,MX,2022-07-25 18:15:29,21.5167,-105.2667,93.09,63,99,7.38
199,Broome,US,2022-07-25 18:15:29,42.2506,-75.833,84.36,70,75,13.8
200,Narsaq,GL,2022-07-25 18:15:29,60.9167,-46.05,57.42,85,100,5.06
201,Rock Springs,US,2022-07-25 18:15:30,41.5875,-109.2029,85.23,26,0,6.91
202,Urumqi,CN,2022-07-25 18:15:30,43.801,87.6005,79.75,32,0,6.71
203,Nushki,PK,2022-07-25 18:15:31,29.5542,66.0215,87.17,43,100,11.25
204,Xining,CN,2022-07-25 18:15:32,36.6167,101.7667,60.75,47,0,3.38
205,Geraldton,AU,2022-07-25 18:15:32,-28.7667,114.6,41.41,93,35,9.22
206,Opuwo,NA,2022-07-25 18:15:33,-18.0607,13.84,69.53,26,9,5.99
207,Plyussa,RU,2022-07-25 18:15:33,58.4308,29.3654,64.36,71,37,4.29
208,Sur,OM,2022-07-25 18:13:56,22.5667,59.5289,87.03,68,100,7.49
209,Blackwater,AU,2022-07-25 18:15:34,-23.5833,148.8833,55.94,91,0,4.65
210,Oregon City,US,2022-07-25 18:14:11,45.3573,-122.6068,86.58,53,0,4.0
211,Porto Novo,BJ,2022-07-25 18:14:01,6.4965,2.6036,77.31,79,99,9.73
212,Thompson,CA,2022-07-25 18:13:58,55.7435,-97.8558,60.96,82,100,4.61
213,Souillac,MU,2022-07-25 18:13:41,-20.5167,57.5167,68.38,88,40,10.36
214,Bengkulu,ID,2022-07-25 18:14:11,-3.8004,102.2655,72.07,87,100,3.47
215,Muscle Shoals,US,2022-07-25 18:11:39,34.7448,-87.6675,92.84,63,20,5.75
216,Mahibadhoo,MV,2022-07-25 18:15:36,3.7833,72.9667,80.78,79,87,12.33
217,Salamanca,ES,2022-07-25 18:11:35,40.8333,-6.0,90.63,24,1,12.97
218,Sobolevo,RU,2022-07-25 18:15:37,54.4299,31.8996,60.31,93,42,6.89
219,Nador,MA,2022-07-25 18:15:35,35.174,-2.9287,96.87,25,0,3.44
220,Port Hedland,AU,2022-07-25 18:15:38,-20.3167,118.5667,60.85,44,0,11.5
221,Bastrop,US,2022-07-25 18:10:40,32.7562,-91.8724,95.7,38,39,3.18
222,Nassau,US,2022-07-25 18:15:39,40.7507,-73.5829,85.69,74,0,9.22
223,Oroville,US,2022-07-25 18:15:39,39.5138,-121.5564,96.12,36,0,0.0
224,Lompoc,US,2022-07-25 18:13:51,34.6391,-120.4579,80.02,77,75,8.05
225,Bredasdorp,ZA,2022-07-25 18:15:40,-34.5322,20.0403,50.7,84,0,4.92
226,Grand Gaube,MU,2022-07-25 18:15:41,-20.0064,57.6608,68.4,74,58,15.32
227,Redmond,US,2022-07-25 18:12:18,47.674,-122.1215,82.81,63,39,5.01
228,Tsaratanana,MG,2022-07-25 18:16:42,-16.7833,47.65,65.5,65,23,7.25
229,Fuzhou,CN,2022-07-25 18:16:42,26.0614,119.3061,80.49,94,75,0.65
230,Port-Gentil,GA,2022-07-25 18:16:43,-0.7193,8.7815,75.16,83,100,11.5
231,San Patricio,US,2022-07-25 18:16:43,28.017,-97.5169,97.16,42,1,15.73
232,Guanica,PR,2022-07-25 18:16:43,17.9716,-66.908,91.13,77,25,21.99
233,Mayo,US,2022-07-25 18:16:44,38.8876,-76.5119,93.31,72,99,1.01
234,Sao Lourenco Do Sul,BR,2022-07-25 18:16:44,-31.3653,-51.9783,60.6,95,87,7.72
235,Taiobeiras,BR,2022-07-25 18:13:53,-15.8078,-42.2331,77.38,34,72,10.42
236,Moron,AR,2022-07-25 18:16:45,-34.6534,-58.6198,60.96,99,100,11.5
237,Lagoa,PT,2022-07-25 18:12:34,39.05,-27.9833,75.27,82,4,8.66
238,Ayna,PE,2022-07-25 18:16:46,-12.65,-73.9167,70.59,64,79,3.94
239,Ilebo,CD,2022-07-25 18:16:46,-4.3167,20.5833,83.17,42,94,0.72
240,Avarua,CK,2022-07-25 18:15:21,-21.2078,-159.775,66.25,77,75,4.61
241,Touros,BR,2022-07-25 18:16:47,-5.1989,-35.4608,81.1,65,84,18.52
242,Mildura,AU,2022-07-25 18:16:47,-34.2,142.15,43.07,90,5,13.8
243,Jizan,SA,2022-07-25 18:16:48,17.3333,42.6667,88.74,51,97,11.65
244,Gladstone,AU,2022-07-25 18:16:48,-23.85,151.25,53.53,94,0,5.75
245,Hambantota,LK,2022-07-25 18:16:49,6.1241,81.1185,78.89,86,100,9.37
246,Kwekwe,ZW,2022-07-25 18:16:49,-18.9281,29.8149,62.73,51,4,9.82
247,Hobyo,SO,2022-07-25 18:16:50,5.3505,48.5268,76.35,82,27,26.6
248,Savannah Bight,HN,2022-07-25 18:16:50,16.45,-85.85,82.49,74,53,11.5
249,Ponta Do Sol,PT,2022-07-25 18:16:51,32.6667,-17.1,86.63,51,91,5.55
250,Muri,IN,2022-07-25 18:16:51,23.3667,85.8667,78.35,91,89,4.63
251,Seoul,KR,2022-07-25 18:16:52,37.5683,126.9778,74.64,100,0,1.14
252,Taoudenni,ML,2022-07-25 18:16:52,22.6783,-3.9836,110.17,6,37,13.4
253,Soyo,AO,2022-07-25 18:16:53,-6.1349,12.3689,71.11,88,24,6.98
254,Abu Samrah,SY,2022-07-25 18:16:53,35.3029,37.1841,85.5,20,0,10.31
255,Jibuti,DJ,2022-07-25 18:16:53,11.5,42.5,93.02,34,94,4.23
256,Trairi,BR,2022-07-25 18:14:04,-3.2778,-39.2689,85.32,51,73,14.9
257,Severo-Kurilsk,RU,2022-07-25 18:16:54,50.6789,156.125,50.56,94,100,9.31
258,Dawei,MM,2022-07-25 18:16:55,14.0833,98.2,78.21,91,68,2.55
259,Kabanjahe,ID,2022-07-25 18:16:55,3.1001,98.4908,62.26,99,100,4.25
260,Shimoda,JP,2022-07-25 18:16:55,34.6667,138.95,78.1,93,100,8.66
261,Kandrian,PG,2022-07-25 18:16:56,-6.2167,149.55,77.41,91,77,8.12
262,Vardo,NO,2022-07-25 18:16:56,70.3705,31.1107,53.58,87,0,5.75
263,Onega,RU,2022-07-25 18:16:57,63.9061,38.1404,58.75,82,80,4.03
264,Puerto Cabezas,NI,2022-07-25 18:16:57,14.0351,-83.3888,84.16,74,40,4.61
265,Palmer,US,2022-07-25 18:14:17,42.1584,-72.3287,84.24,67,75,13.8
266,Luwuk,ID,2022-07-25 18:16:58,-0.9516,122.7875,75.87,86,82,5.1
267,Komsomolskiy,UZ,2022-07-25 18:16:59,40.4272,71.7189,88.52,25,0,2.3
268,Cervo,ES,2022-07-25 18:16:59,43.6702,-7.4101,65.79,78,18,5.86
269,Lebu,CL,2022-07-25 18:13:54,-37.6167,-73.65,54.45,83,100,26.66
270,Vila Velha,BR,2022-07-25 18:17:00,-20.3297,-40.2925,78.75,74,75,10.36
271,Shitanjing,CN,2022-07-25 18:17:00,39.2342,106.3439,78.22,35,25,5.59
272,Gornopravdinsk,RU,2022-07-25 18:13:56,60.05,69.9,61.41,76,62,3.91
273,Plettenberg Bay,ZA,2022-07-25 18:18:01,-34.0527,23.3716,57.43,65,0,7.96
274,Beloomut,RU,2022-07-25 18:18:02,54.9448,39.3394,65.75,90,93,3.65
275,Tessalit,ML,2022-07-25 18:18:03,20.1986,1.0114,103.96,13,20,12.08
276,Faanui,PF,2022-07-25 18:18:03,-16.4833,-151.75,77.09,78,69,8.1
277,Ribeira Grande,PT,2022-07-25 18:18:04,38.5167,-28.7,79.2,78,40,10.36
278,Fort Nelson,CA,2022-07-25 18:15:49,58.8053,-122.7002,72.99,46,75,8.05
279,Norman Wells,CA,2022-07-25 18:18:05,65.282,-126.8329,69.84,46,75,8.05
280,Ust-Nera,RU,2022-07-25 18:18:05,64.5667,143.2,59.77,59,95,3.62
281,Matara,LK,2022-07-25 18:18:06,5.9485,80.5353,77.68,91,100,9.75
282,Varkaus,FI,2022-07-25 18:16:20,62.3153,27.873,68.31,66,99,5.88
283,Ahipara,NZ,2022-07-25 18:18:06,-35.1667,173.1667,56.8,86,37,20.83
284,Petropavlovsk-Kamchatskiy,RU,2022-07-25 18:18:07,53.0452,158.6483,52.39,100,75,2.24
285,Constitucion,CL,2022-07-25 18:18:07,-35.3333,-72.4167,55.38,80,99,23.47
286,Prabumulih,ID,2022-07-25 18:18:08,-3.45,104.25,73.15,98,100,3.15
287,Saint-Ambroise,CA,2022-07-25 18:18:09,48.5501,-71.3324,76.59,54,60,14.43
288,Maneadero,MX,2022-07-25 18:18:09,31.7167,-116.5667,74.1,75,87,4.0
289,Oksfjord,NO,2022-07-25 18:18:10,70.2396,22.3479,57.38,92,100,6.53
290,Kiunga,PG,2022-07-25 18:18:10,-6.1219,141.2906,73.35,99,99,2.42
291,Bubaque,GW,2022-07-25 18:18:11,11.2833,-15.8333,77.72,85,100,11.52
292,Kavieng,PG,2022-07-25 18:18:12,-2.5744,150.7967,81.45,80,42,17.58
293,Tasiilaq,GL,2022-07-25 18:18:12,65.6145,-37.6368,44.76,84,98,1.3
294,Tautira,PF,2022-07-25 18:18:12,-17.7333,-149.15,74.25,91,99,5.48
295,Mercedes,AR,2022-07-25 18:16:23,-34.6515,-59.4307,60.78,87,100,11.72
296,Pasighat,IN,2022-07-25 18:18:13,28.0667,95.3333,76.3,97,34,0.74
297,Torbay,CA,2022-07-25 18:18:14,47.6666,-52.7314,83.17,55,75,16.11
298,Tura,IN,2022-07-25 18:18:14,25.5198,90.2201,74.25,96,74,3.04
299,Chifeng,CN,2022-07-25 18:18:15,42.2683,118.9636,71.02,77,70,4.25
300,Kitgum,UG,2022-07-25 18:18:15,3.2783,32.8867,70.12,80,97,2.89
301,San Cristobal,VE,2022-07-25 18:17:37,7.7669,-72.225,78.98,47,39,8.59
302,Ialibu,PG,2022-07-25 18:18:16,-6.2821,143.9935,57.42,97,100,1.48
303,Abbeville,FR,2022-07-25 18:18:16,50.1,1.8333,69.26,59,51,17.31
304,Toyooka,JP,2022-07-25 18:18:17,35.5333,134.8333,74.23,93,63,1.48
305,Oranjestad,AW,2022-07-25 18:13:42,12.524,-70.027,89.55,58,20,20.71
306,Seinajoki,FI,2022-07-25 18:18:17,62.7945,22.8282,68.58,73,0,6.91
307,Hanzhong,CN,2022-07-25 18:18:18,33.0728,107.0303,76.28,89,0,1.95
308,Sabang,ID,2022-07-25 18:18:19,5.8933,95.3214,79.9,77,99,8.34
309,Meulaboh,ID,2022-07-25 18:18:19,4.1363,96.1285,74.89,96,100,5.61
310,Luganville,VU,2022-07-25 18:18:20,-15.5333,167.1667,76.96,86,4,2.01
311,Abramovka,RU,2022-07-25 18:18:20,51.1886,41.0202,65.64,84,57,1.52
312,Panama City,PA,2022-07-25 18:18:21,8.9936,-79.5197,85.95,72,75,9.22
313,San Felipe,VE,2022-07-25 18:18:21,10.3399,-68.7425,88.72,48,92,4.05
314,Lucea,JM,2022-07-25 18:18:22,18.451,-78.1736,87.66,73,66,10.65
315,Vila Franca Do Campo,PT,2022-07-25 18:18:22,37.7167,-25.4333,75.61,78,65,6.42
316,Namibe,AO,2022-07-25 18:18:23,-15.1961,12.1522,63.57,85,20,7.29
317,Zhuhai,CN,2022-07-25 18:18:23,22.2769,113.5678,89.85,84,20,9.22
318,Shenzhen,CN,2022-07-25 18:19:24,22.5455,114.0683,88.07,92,18,5.88
319,Waingapu,ID,2022-07-25 18:19:24,-9.6567,120.2641,71.02,78,65,7.34
320,Arak,IR,2022-07-25 18:19:25,34.0917,49.6892,77.41,31,0,4.85
321,Tagusao,PH,2022-07-25 18:19:25,9.1924,117.8141,79.38,82,100,4.85
322,The Valley,AI,2022-07-25 18:19:26,18.217,-63.0578,87.66,70,20,20.71
323,Krasnoselkup,RU,2022-07-25 18:19:26,65.7,82.4667,55.31,79,99,6.87
324,Acarau,BR,2022-07-25 18:19:27,-2.8856,-40.12,86.2,52,74,18.01
325,Beitbridge,ZW,2022-07-25 18:19:27,-22.2167,30.0,62.8,64,94,7.49
326,Saint-Augustin,CA,2022-07-25 18:19:28,51.226,-58.6502,58.6,98,100,14.79
327,Dargaville,NZ,2022-07-25 18:19:28,-35.9333,173.8833,56.84,82,56,11.61
328,Atar,MR,2022-07-25 18:19:29,20.5169,-13.0499,99.59,29,42,18.9
329,Maldonado,UY,2022-07-25 18:19:29,-34.6667,-54.9167,60.22,88,100,10.56
330,Xuddur,SO,2022-07-25 18:19:30,4.1213,43.8894,78.62,44,86,19.8
331,Makakilo City,US,2022-07-25 18:19:30,21.3469,-158.0858,77.32,70,75,12.66
332,Miri,MY,2022-07-25 18:19:31,4.4148,114.0089,75.34,94,40,4.61
333,Tuatapere,NZ,2022-07-25 18:19:31,-46.1333,167.6833,44.67,91,100,10.92
334,Karratha,AU,2022-07-25 18:19:19,-20.7377,116.8463,66.34,45,0,9.4
335,Vanimo,PG,2022-07-25 18:19:32,-2.6741,141.3028,76.66,91,96,4.61
336,Bayan,CN,2022-07-25 18:19:32,46.0833,127.4,66.07,95,4,4.97
337,Praia Da Vitoria,PT,2022-07-25 18:19:33,38.7333,-27.0667,80.85,78,75,2.15
338,Ancud,CL,2022-07-25 18:19:33,-41.8697,-73.8203,49.23,87,100,11.97
339,Atbasar,KZ,2022-07-25 18:19:34,51.8,68.3333,74.91,41,74,5.99
340,Chernyshevskiy,RU,2022-07-25 18:19:34,63.0128,112.4714,65.32,97,84,5.5
341,Caravelas,BR,2022-07-25 18:18:37,-17.7125,-39.2481,75.87,69,30,7.81
342,Kruisfontein,ZA,2022-07-25 18:19:35,-34.0033,24.7314,55.89,74,0,11.56
343,Beloha,MG,2022-07-25 18:15:27,-25.1667,45.05,63.77,88,13,4.38
344,Srednekolymsk,RU,2022-07-25 18:19:35,67.45,153.6833,43.02,71,56,10.02
345,Danielskuil,ZA,2022-07-25 18:19:36,-28.1887,23.5395,53.24,30,0,6.06
346,Tarko-Sale,RU,2022-07-25 18:19:36,64.9225,77.785,53.82,74,98,7.47
347,Mbaiki,CF,2022-07-25 18:19:37,3.8678,17.9892,73.15,92,99,2.13
348,Tiznit,MA,2022-07-25 18:19:37,29.5833,-9.5,99.39,14,26,8.46
349,Nemuro,JP,2022-07-25 18:19:38,43.3236,145.575,61.48,91,4,3.51
350,Salalah,OM,2022-07-25 18:18:57,17.0151,54.0924,77.09,100,100,6.91
351,Tombouctou,ML,2022-07-25 18:19:38,20.0,-3.0,105.87,18,6,7.72
352,Zaraza,VE,2022-07-25 18:19:39,9.3503,-65.3245,93.11,39,79,9.17
353,Saint-Philippe,RE,2022-07-25 18:18:58,-21.3585,55.7679,65.79,83,46,11.83
354,Jalu,LY,2022-07-25 18:19:39,29.0331,21.5482,93.79,14,0,7.2
355,Ovsyanka,RU,2022-07-25 18:19:40,55.9575,92.5519,54.57,96,82,4.38
356,Dulce Nombre De Culmi,HN,2022-07-25 18:19:40,15.1,-85.5333,95.23,43,51,5.01
357,Okha,RU,2022-07-25 18:19:41,53.5739,142.9478,57.13,98,100,11.74
358,Awjilah,LY,2022-07-25 18:19:41,29.1081,21.2869,93.94,15,0,8.9
359,Qandala,SO,2022-07-25 18:19:41,11.472,49.8728,90.39,49,44,3.8
360,Akdepe,TM,2022-07-25 18:19:42,42.0551,59.3788,84.29,33,82,14.03
361,Jiaojiang,CN,2022-07-25 18:19:42,28.6803,121.4428,77.63,91,92,3.98
362,Poum,NC,2022-07-25 18:19:43,-20.2333,164.0167,72.72,78,1,19.64
363,Bar Harbor,US,2022-07-25 18:19:43,44.3876,-68.2039,75.45,82,0,11.99
364,Mahon,ES,2022-07-25 18:20:44,39.8885,4.2658,86.56,66,0,4.61
365,Alcaniz,ES,2022-07-25 18:20:44,41.05,-0.1333,94.37,19,1,15.9
366,Kadhan,PK,2022-07-25 18:20:44,24.481,68.9859,82.47,83,74,15.01
367,Piacabucu,BR,2022-07-25 18:20:45,-10.4056,-36.4344,77.58,70,47,11.48
368,Ankang,CN,2022-07-25 18:17:16,32.68,109.0172,79.47,82,0,2.13
369,Affery,CI,2022-07-25 18:16:09,6.315,-3.9603,76.86,82,99,2.73
370,Lyngseidet,NO,2022-07-25 18:20:46,69.5763,20.2189,60.8,85,100,10.8
371,Manga,BF,2022-07-25 18:20:46,11.6636,-1.0731,87.85,54,44,5.28
372,Say,NE,2022-07-25 18:20:47,13.1007,2.3689,95.45,39,72,9.84
373,Paipa,CO,2022-07-25 18:20:47,5.7801,-73.1171,64.4,67,98,3.62
374,Acajutla,SV,2022-07-25 18:20:47,13.5928,-89.8275,85.64,62,96,6.31
375,Blagoyevo,RU,2022-07-25 18:20:48,63.3667,47.9167,54.25,71,59,3.76
376,Kupang,ID,2022-07-25 18:20:48,-10.1667,123.5833,72.39,76,29,11.07
377,Beringovskiy,RU,2022-07-25 18:19:57,63.05,179.3167,44.87,77,100,8.05
378,Arona,ES,2022-07-25 18:20:49,28.0996,-16.681,79.32,58,0,9.22
379,Nacala,MZ,2022-07-25 18:20:49,-14.5428,40.6728,72.37,70,6,11.12
380,Byron Bay,AU,2022-07-25 18:20:50,-28.65,153.6167,53.94,89,5,5.57
381,Panshi,CN,2022-07-25 18:20:50,42.9422,126.0561,69.53,94,100,3.76
382,Casper,US,2022-07-25 18:15:57,42.8666,-106.3131,82.99,34,0,11.5
383,Douglas,US,2022-07-25 18:17:19,41.3,-96.167,75.07,72,75,1.01
384,Luena,AO,2022-07-25 18:20:51,-11.7833,19.9167,61.83,33,1,5.26
385,Berlevag,NO,2022-07-25 18:20:52,70.8578,29.0864,55.4,82,100,17.27
386,Pimentel,PE,2022-07-25 18:20:52,-6.8367,-79.9342,71.89,60,0,13.8
387,Los Llanos De Aridane,ES,2022-07-25 18:20:52,28.6585,-17.9182,74.95,78,0,18.41
388,Havoysund,NO,2022-07-25 18:20:53,70.9963,24.6622,52.03,92,100,10.49
389,Vallenar,CL,2022-07-25 18:20:53,-28.5708,-70.7581,65.44,48,40,3.51
390,Talnakh,RU,2022-07-25 18:20:54,69.4865,88.3972,56.21,86,44,6.91
391,Deputatskiy,RU,2022-07-25 18:20:54,69.3,139.9,54.19,63,89,3.04
392,Dzerzhinsk,RU,2022-07-25 18:20:55,56.2389,43.4631,70.83,100,40,2.24
393,Fiche,ET,2022-07-25 18:20:55,9.8,38.7333,54.1,81,100,3.83
394,Half Moon Bay,US,2022-07-25 18:20:56,37.4636,-122.4286,75.87,73,75,10.36
395,Kidodi,TZ,2022-07-25 18:20:56,-7.6036,37.0044,72.64,63,73,4.47
396,Hualmay,PE,2022-07-25 18:20:56,-11.0964,-77.6139,66.27,72,96,9.8
397,Saravan,AM,2022-07-25 18:20:57,39.7196,45.6483,58.5,76,8,7.43
398,Mosetse,BW,2022-07-25 18:20:57,-20.75,26.65,63.12,53,2,16.31
399,Acobamba,PE,2022-07-25 18:20:58,-11.3525,-75.6594,62.82,56,94,8.84
400,Sakaiminato,JP,2022-07-25 18:20:59,35.55,133.2333,78.78,89,75,2.3
401,College,US,2022-07-25 18:20:59,64.8569,-147.8028,68.58,57,75,9.22
402,Hamilton,US,2022-07-25 18:20:59,39.1834,-84.5333,84.78,66,40,10.36
403,Upata,VE,2022-07-25 18:21:00,8.0086,-62.3989,75.92,86,98,2.35
404,Pyaozerskiy,RU,2022-07-25 18:21:00,65.8333,31.1667,62.38,66,100,4.43
405,Morondava,MG,2022-07-25 18:21:01,-20.2833,44.2833,73.62,71,0,16.91
406,Brae,GB,2022-07-25 18:21:01,60.3964,-1.353,51.21,79,98,23.94
407,Chulman,RU,2022-07-25 18:21:02,56.8479,124.9104,60.3,90,5,2.53
408,Prainha,BR,2022-07-25 18:21:02,-1.8,-53.48,88.99,51,39,3.18
409,Svetlaya,RU,2022-07-25 18:21:03,46.5389,138.3297,64.13,93,55,3.67
410,Svetlyy,RU,2022-07-25 18:22:04,54.675,20.1347,73.96,65,91,9.08
411,Methoni,GR,2022-07-25 18:22:04,36.8197,21.7049,83.21,71,0,10.27
412,Avera,US,2022-07-25 18:22:04,33.194,-82.5271,91.45,41,74,7.52
413,Hay River,CA,2022-07-25 18:22:05,60.8156,-115.7999,66.18,55,40,12.66
414,Kutum,SD,2022-07-25 18:22:05,14.2,24.6667,89.47,23,69,4.32
415,Hami,CN,2022-07-25 18:22:06,42.8,93.45,83.1,16,69,11.03
416,Naron,ES,2022-07-25 18:22:06,43.5167,-8.1528,73.56,72,2,7.0
417,Tooele,US,2022-07-25 18:22:07,40.5308,-112.2983,89.29,35,0,3.44
418,Viedma,AR,2022-07-25 18:22:07,-40.8135,-62.9967,48.24,80,100,14.7
419,Tadine,NC,2022-07-25 18:22:08,-21.55,167.8833,70.77,79,86,14.07
420,Muyezerskiy,RU,2022-07-25 18:22:08,63.9333,31.65,62.51,67,94,4.97
421,Sept-Iles,CA,2022-07-25 18:22:09,50.2001,-66.3821,66.72,88,75,8.05
422,Sao Joao Da Barra,BR,2022-07-25 18:19:26,-21.6403,-41.0511,78.89,74,16,13.85
423,Nakusp,CA,2022-07-25 18:22:09,50.2499,-117.8023,83.48,44,50,2.3
424,Tateyama,JP,2022-07-25 18:22:10,34.9833,139.8667,79.11,94,75,6.91
425,Ahuimanu,US,2022-07-25 18:22:10,21.4447,-157.8378,79.36,74,20,12.66
426,Makat,KZ,2022-07-25 18:22:11,47.6469,53.3463,77.11,51,47,13.8
427,Kosh-Agach,RU,2022-07-25 18:22:11,50.0,88.6667,49.42,57,95,5.48
428,Kampot,KH,2022-07-25 18:22:11,10.6167,104.1833,78.85,83,100,2.28
429,Tucuman,AR,2022-07-25 18:22:12,-26.8241,-65.2226,82.4,47,20,4.61
430,Khandyga,RU,2022-07-25 18:22:12,62.6667,135.6,57.88,87,83,2.64
431,Asahikawa,JP,2022-07-25 18:22:13,43.7678,142.3703,62.56,94,4,2.46
432,Taywarah,AF,2022-07-25 18:22:13,33.35,64.4167,68.77,53,98,4.7
433,Necochea,AR,2022-07-25 18:22:14,-38.5473,-58.7368,53.49,78,100,15.75
434,Alyangula,AU,2022-07-25 18:22:14,-13.8483,136.4192,60.67,94,100,0.0
435,Betare Oya,CM,2022-07-25 18:22:15,5.6,14.0833,70.34,95,94,2.75
436,Torit,SS,2022-07-25 18:22:15,4.4133,32.5678,76.87,65,60,3.89
437,Neftcala,AZ,2022-07-25 18:22:16,39.3742,49.2472,75.61,70,5,6.17
438,Isoka,ZM,2022-07-25 18:22:16,-10.1606,32.6335,66.72,50,98,4.16
439,Ofunato,JP,2022-07-25 18:22:17,39.0717,141.7167,73.31,94,27,1.97
440,Ayan,RU,2022-07-25 18:22:17,56.45,138.1667,55.9,90,97,11.61
441,Leshan,CN,2022-07-25 18:22:18,29.5623,103.7639,77.41,92,18,1.99
442,Olga,RU,2022-07-25 18:22:18,43.7444,135.2892,63.12,96,3,3.6
443,Muswellbrook,AU,2022-07-25 18:22:18,-32.2667,150.9,47.66,85,13,3.74
444,Pachino,IT,2022-07-25 18:22:19,36.7186,15.0907,83.43,63,0,11.18
445,Iwanai,JP,2022-07-25 18:22:19,42.9744,140.5089,63.14,94,2,3.49
446,Shemursha,RU,2022-07-25 18:22:20,54.8866,47.5189,63.0,92,59,1.34
447,Clyde River,CA,2022-07-25 18:22:20,70.4692,-68.5914,44.83,87,75,4.61
448,Takoradi,GH,2022-07-25 18:19:01,4.8845,-1.7554,76.03,82,71,8.63
449,Cayenne,GF,2022-07-25 18:19:14,4.9333,-52.3333,86.09,13,100,8.05
450,Ketchikan,US,2022-07-25 18:22:21,55.3422,-131.6461,63.07,82,100,10.36
451,Kapoeta,SS,2022-07-25 18:22:21,4.7717,33.5903,83.39,44,97,6.71
452,Agasegyhaza,HU,2022-07-25 18:22:22,46.8403,19.4521,87.85,24,0,3.15
453,Belmonte,BR,2022-07-25 18:22:22,-15.8631,-38.8828,76.33,66,79,9.35
454,Northam,GB,2022-07-25 18:22:23,51.0333,-4.2167,63.39,86,34,13.96
455,Katsuura,JP,2022-07-25 18:23:23,35.1333,140.3,78.82,93,65,15.77
456,Kladanj,BA,2022-07-25 18:23:24,44.2264,18.6914,78.51,52,0,2.75
457,Bukachacha,RU,2022-07-25 18:23:24,52.9833,116.9167,58.91,94,22,3.67
458,Quatre Cocos,MU,2022-07-25 18:23:24,-20.2078,57.7625,68.11,76,55,12.08
459,Beyneu,KZ,2022-07-25 18:23:25,45.3167,55.2,76.6,50,96,10.02
460,Inirida,CO,2022-07-25 18:23:26,3.8653,-67.9239,73.69,93,100,0.22
461,Sitka,US,2022-07-25 18:23:26,57.0531,-135.33,57.09,88,100,3.44
462,Dhidhdhoo,MV,2022-07-25 18:20:15,6.8833,73.1,81.9,78,57,14.52
463,Zweibrucken,DE,2022-07-25 18:23:27,49.25,7.3667,81.39,38,0,14.97
464,Eau Claire,US,2022-07-25 18:23:27,44.8114,-91.4985,75.58,47,40,8.01
465,Dakar,SN,2022-07-25 18:23:27,14.6937,-17.4441,86.13,70,20,13.8
466,Fez,MA,2022-07-25 18:19:30,34.0372,-4.9998,106.05,11,40,13.8
467,Margate,GB,2022-07-25 18:23:28,51.3813,1.3862,71.87,62,93,4.0
468,Peniche,PT,2022-07-25 18:21:32,39.3558,-9.3811,79.09,76,2,17.34
469,Ziro,IN,2022-07-25 18:23:29,27.6333,93.8333,59.27,98,92,0.87
470,Sinnamary,GF,2022-07-25 18:23:04,5.3833,-52.95,84.65,69,84,9.46
471,Soure,BR,2022-07-25 18:23:20,-0.7167,-48.5233,85.93,63,55,7.52
472,Kurilsk,RU,2022-07-25 18:23:30,45.2333,147.8833,55.9,99,98,3.87
473,Neepawa,CA,2022-07-25 18:23:30,50.2289,-99.4664,73.8,64,100,9.95
474,Nizhniy Kuranakh,RU,2022-07-25 18:23:30,58.8353,125.4869,67.08,84,9,1.54
475,Koutsouras,GR,2022-07-25 18:23:31,35.0339,25.9469,89.11,32,0,13.04
476,Mama,RU,2022-07-25 18:23:31,58.3106,112.8986,67.46,86,23,3.71
477,Datia,IN,2022-07-25 18:23:32,25.6667,78.4667,78.4,83,100,7.29
478,Rentina,GR,2022-07-25 18:23:32,40.6574,23.614,83.97,62,26,4.0
479,Tulua,CO,2022-07-25 18:20:16,4.0847,-76.1954,77.85,72,96,1.07
480,Emerald,AU,2022-07-25 18:23:33,-23.5333,148.1667,51.94,100,0,0.0
481,Picota,PE,2022-07-25 18:23:33,-6.9197,-76.3304,90.09,50,53,0.65
482,Shakawe,BW,2022-07-25 18:23:34,-18.3667,21.85,65.98,30,0,5.82
483,Inhambane,MZ,2022-07-25 18:23:34,-23.865,35.3833,66.18,77,20,4.61
484,Poso,ID,2022-07-25 18:23:34,-1.3959,120.7524,74.82,73,69,5.66
485,Teguldet,RU,2022-07-25 18:23:35,57.3064,88.1667,50.23,97,17,4.05
486,Nyurba,RU,2022-07-25 18:23:35,63.2842,118.3319,67.35,95,41,4.85
487,Alihe,CN,2022-07-25 18:23:36,50.5667,123.7167,61.23,97,1,1.01
488,Obala,CM,2022-07-25 18:23:36,4.1667,11.5333,70.16,97,99,5.21
489,Varhaug,NO,2022-07-25 18:23:36,58.6147,5.6457,56.75,87,85,17.96
490,Tsirguliina,EE,2022-07-25 18:23:37,57.864,26.1947,70.09,66,80,3.85
491,Bandarbeyla,SO,2022-07-25 18:23:37,9.4942,50.8122,76.37,83,9,33.31
492,Ixtapa,MX,2022-07-25 18:23:38,20.7,-105.2,87.22,66,40,8.05
493,Gaya,IN,2022-07-25 18:23:38,24.7833,85.0,87.71,66,75,0.0
494,Luderitz,NA,2022-07-25 18:23:39,-26.6481,15.1594,58.8,78,1,9.71
495,San Carlos De Bariloche,AR,2022-07-25 18:23:39,-41.1456,-71.3082,40.75,87,75,9.22
496,Aklavik,CA,2022-07-25 18:23:11,68.2191,-135.0107,63.86,52,99,10.96
497,Yoichi,JP,2022-07-25 18:23:40,43.2039,140.7703,66.61,84,5,3.98
498,Mackay,AU,2022-07-25 18:23:40,-21.15,149.2,61.68,86,65,6.49
499,Lae,PG,2022-07-25 18:23:41,-6.7221,146.9847,74.82,83,77,4.92
500,Santa Maria Del Oro,MX,2022-07-25 18:23:41,25.9333,-105.3667,84.42,28,27,7.07
501,Paita,PE,2022-07-25 18:23:41,-5.0892,-81.1144,70.52,73,78,12.3
502,Neiafu,TO,2022-07-25 18:23:42,-18.65,-173.9833,74.08,73,20,10.36
503,Santa,PH,2022-07-25 18:23:42,17.486,120.4348,85.01,69,99,4.52
504,Mogadishu,SO,2022-07-25 18:24:43,2.0371,45.3438,76.08,81,34,18.3
505,Pechenga,RU,2022-07-25 18:24:43,69.5259,31.1703,58.05,73,86,8.9
506,Batemans Bay,AU,2022-07-25 18:24:44,-35.7167,150.1833,55.09,89,80,5.48
507,Wattegama,LK,2022-07-25 18:24:44,6.7989,81.4808,77.31,83,100,0.51
508,Leh,IN,2022-07-25 18:24:44,34.1667,77.5833,63.95,57,84,3.38
509,Dharchula,IN,2022-07-25 18:24:45,29.85,80.5333,72.3,93,94,1.3
510,Baijiantan,CN,2022-07-25 18:24:45,45.6333,85.1833,83.93,15,0,15.79
511,Opatija,HR,2022-07-25 18:24:46,45.3392,14.3083,90.28,61,5,0.49
512,Williams Lake,CA,2022-07-25 18:24:46,52.1415,-122.1445,72.97,60,75,6.91
513,Zunyi,CN,2022-07-25 18:24:47,27.6867,106.9072,72.84,89,5,3.15
514,Jieshi,CN,2022-07-25 18:24:47,22.8134,115.8257,84.25,79,39,6.04
515,Alta Floresta,BR,2022-07-25 18:23:32,-9.8756,-56.0861,98.42,23,0,8.05
516,Tabuk,PH,2022-07-25 18:24:48,17.4189,121.4443,75.85,91,99,1.95
517,Araouane,ML,2022-07-25 18:24:48,18.9048,-3.5265,103.3,20,4,5.26
518,Trat,TH,2022-07-25 18:24:49,12.5,102.5,83.88,90,76,0.67
519,Sagua La Grande,CU,2022-07-25 18:24:49,22.8067,-80.0756,86.99,55,40,15.3
520,Bereda,ES,2022-07-25 18:24:49,43.2686,-7.5406,72.41,84,2,6.71
521,Sao Miguel Do Araguaia,BR,2022-07-25 18:22:59,-13.275,-50.1628,93.72,22,75,6.04
522,Morgan City,US,2022-07-25 18:24:50,29.6994,-91.2068,88.99,64,43,4.32
523,Guerrero Negro,MX,2022-07-25 18:24:51,27.9769,-114.0611,80.42,48,12,3.4
524,Petrozavodsk,RU,2022-07-25 18:24:51,61.7849,34.3469,63.86,88,0,0.0
525,La Orilla,MX,2022-07-25 18:24:51,17.9833,-102.2333,78.58,85,100,4.23
526,Rafraf,TN,2022-07-25 18:24:52,37.1904,10.1837,84.52,66,0,9.24
527,Zyryanovsk,KZ,2022-07-25 18:24:52,49.7386,84.2719,54.27,72,0,1.63
528,Ginir,ET,2022-07-25 18:24:53,7.1333,40.7,68.95,44,97,10.92
529,Lata,PT,2022-07-25 18:24:53,40.1629,-8.3327,77.74,50,0,11.3
530,Belaya Gora,RU,2022-07-25 18:24:54,68.5333,146.4167,52.02,56,35,11.63
531,Nantucket,US,2022-07-25 18:24:54,41.2835,-70.0995,82.51,85,100,17.27
532,Maceio,BR,2022-07-25 18:23:57,-9.6658,-35.7353,81.84,61,75,10.36
533,Qostanay,KZ,2022-07-25 18:24:55,53.1667,63.5833,77.29,47,75,6.71
534,Khor,RU,2022-07-25 18:23:26,47.8861,134.9464,63.3,96,5,4.38
535,Oktyabrskiy,RU,2022-07-25 18:24:55,54.4815,53.471,63.21,91,94,4.72
536,La Huacana,MX,2022-07-25 18:24:56,18.9667,-101.8167,79.68,74,98,2.04
537,Pipri,IN,2022-07-25 18:24:56,19.8,75.5333,73.98,94,75,2.3
538,Mangaratiba,BR,2022-07-25 18:20:21,-22.9597,-44.0406,79.66,65,3,4.76
539,Jiblah,YE,2022-07-25 18:24:57,13.9216,44.1467,68.76,67,100,5.32
540,Loudi,CN,2022-07-25 18:24:57,27.7344,111.9944,81.07,68,3,2.21
541,Verkhnevilyuysk,RU,2022-07-25 18:24:58,63.4453,120.3167,65.98,82,52,4.9
542,Awka,NG,2022-07-25 18:24:58,6.2101,7.0741,73.71,95,100,6.24
543,Neyshabur,IR,2022-07-25 18:24:58,36.2133,58.7958,85.46,26,0,8.25
544,Challapata,BO,2022-07-25 18:24:59,-18.9,-66.7667,54.57,19,5,6.13
545,Loandjili,CG,2022-07-25 18:25:00,-4.7561,11.8578,71.62,89,73,9.62
546,Yulara,AU,2022-07-25 18:25:00,-25.2406,130.9889,47.44,59,0,10.63
547,Houma,US,2022-07-25 18:23:18,29.5958,-90.7195,82.4,83,40,9.22
548,Manicore,BR,2022-07-25 18:25:01,-5.8092,-61.3003,94.95,41,0,6.91
549,Tual,ID,2022-07-25 18:25:01,-5.6667,132.75,79.52,83,67,21.36
550,Miyang,CN,2022-07-25 18:25:02,24.4042,103.4428,65.82,92,26,2.3
551,Cooma,AU,2022-07-25 18:25:02,-36.2333,149.1333,42.57,100,100,6.91
552,Gavar,AM,2022-07-25 18:26:03,40.3569,45.1259,54.72,75,37,4.09
